date,avg_price,median_price,stock_count
2026-09-14,27.6068,13.98,5556
2026-09-15,27.5125,13.81,5557
2026-09-16,28.1658,14.01,5559
2026-09-17,28.1746,13.99,5561
2026-09-18,28.8567,14.17,5561
2026-09-21,29.178,14.44,5559
2026-09-22,29.2718,14.495,5560
2026-09-23,29.3243,14.41,5561
2026-09-24,28.7059,14.34,5562
2026-09-29,27.7323,14.09,5564
2026-09-30,27.5074,14.0,5565
2026-10-02,27.5074,14.0,5565
2026-10-03,27.5074,14.0,5565
2026-10-06,27.5074,14.0,5565
2026-10-08,27.5074,14.0,5565
2026-10-09,26.7379,13.88,5561
2026-10-10,26.6686,14.035,5562
