date,up_count,down_count,win_rate_pct,eqw_mean_pct,median_pct,median_price,eqw_proxy_pct,limit_up,limit_down,avg_price_change_pct,turnover_亿
2026-05-28,2948,2417,54.9,,,,0.722,,,1.12,29681.51
2026-05-29,1703,3680,31.6,,,,-2.159,,,-3.17,33190.32
2026-06-01,3776,1682,69.2,,,,1.008,,,-1.39,28774.88
2026-06-02,1543,3876,28.5,,,,-0.724,,,0.71,27929.92
2026-06-03,1713,3727,31.5,,,,-0.442,,,0.82,31302.79
2026-06-04,1344,4121,24.6,,,,-1.026,,,0.25,27576.69
2026-06-05,3277,2113,60.8,,,,0.477,,,-0.91,30691.92
2026-06-08,899,4591,16.4,,,,-2.662,,,-3.1,27927.38
2026-06-09,3322,2049,61.9,,,,1.211,,,2.8,26402.96
2026-06-10,1556,3882,28.6,,,,-1.316,,,-1.59,26192.43
2026-06-12,3923,1515,72.1,,,,1.118,,,0.28,32149.5
2026-06-15,3906,1475,72.6,,,,2.03,,,4.0,30311.99
2026-06-16,2730,2677,50.5,,,,0.683,,,1.67,30646.96
2026-06-17,1723,3734,31.6,,,,-0.439,,,1.32,30917.64
2026-06-18,2023,3395,37.3,,,,-0.298,,,1.38,33101.07
2026-06-22,2916,2468,54.2,,,,0.647,,,0.9,37371.99
2026-06-23,2764,2644,51.1,,,,-0.118,,,-1.47,34407.64
2026-06-24,1434,4034,26.2,,,,-1.15,,,1.62,32843.28
2026-06-29,2469,2933,45.7,,,,-0.011,,,0.45,35177.54
2026-06-30,3054,2364,56.4,,,,1.256,,,2.96,32737.58
2026-07-06,1876,3541,34.6,,,,-1.229,,,-1.68,30911.24
2026-07-07,693,4797,12.6,,,,-2.637,,,-2.05,25811.57
2026-07-08,1593,3790,29.6,,,,-1.518,,,-1.83,25635.23
2026-07-10,3772,1678,69.2,,,,0.875,,,-1.75,34106.97
2026-07-14,4211,1247,77.2,,,,1.564,,,1.98,27039.68
2026-07-17,482,5001,8.8,,,,-4.566,33.0,192.0,-7.41,26549.59
2026-07-20,1740,3710,31.9,,,,-2.461,53.0,211.0,-3.83,27021.27
2026-07-21,3107,2301,57.5,,,,1.479,121.0,21.0,5.09,29570.93
2026-07-23,4260,1208,77.9,,,,1.845,116.0,2.0,0.07,21953.01
2026-07-24,555,4940,10.1,,,,-2.655,,,-2.04,19444.63
2026-07-28,2603,2769,48.5,,,,-0.738,61.0,49.0,-3.92,20257.81
2026-07-29,4253,1215,77.8,,,,1.278,81.0,9.0,0.09,22965.79
2026-07-30,1768,3635,32.7,,,,-1.857,52.0,74.0,-4.16,23428.09
2026-07-31,4691,728,86.6,,,,2.62,99.0,,3.5,25419.48
2026-08-03,4005,1466,73.2,,,,1.185,75.0,8.0,-0.67,19973.86
2026-08-04,3642,1747,67.6,,,,1.887,138.0,,4.13,22135.92
2026-08-06,2788,2590,51.8,0.557,0.054,,0.543,79.0,1.0,1.0,25287.81
2026-08-07,2856,2535,53.0,0.961,0.12,,0.904,74.0,4.0,2.47,26644.2
2026-08-13,1142,4317,20.9,-1.056,-1.478,,-1.067,59.0,4.0,-0.85,25509.17
2026-08-14,2400,2969,44.7,0.124,-0.202,,0.129,63.0,10.0,0.98,21428.43
2026-08-18,2120,3292,39.2,0.051,-0.468,,-0.044,79.0,5.0,0.8,24197.82
2026-08-19,448,5069,8.1,-4.014,-3.922,,-4.134,36.0,118.0,-5.72,25110.43
2026-08-24,1460,3964,26.9,-1.158,-1.217,,-1.174,46.0,11.0,-1.97,20074.56
2026-08-26,2946,2447,54.6,0.261,0.158,,0.263,52.0,,0.16,18087.23
2026-08-27,3393,1944,63.6,1.187,0.527,,1.207,77.0,3.0,2.62,21259.27
2026-08-28,3013,2389,55.8,0.274,0.223,,0.252,82.0,1.0,-1.05,21017.15
2026-08-31,3181,2217,58.9,0.757,0.447,,0.764,88.0,11.0,1.36,21310.3
2026-09-01,3387,2039,62.4,0.578,0.573,,0.489,83.0,,-1.39,20334.03
2026-09-02,1541,3900,28.3,-0.636,-0.943,,-0.661,52.0,8.0,-0.96,17911.78
2026-09-03,1845,3570,34.1,-0.397,-0.678,,-0.427,44.0,16.0,0.2,17589.16
2026-09-04,2444,2913,45.6,-0.276,-0.17,,-0.301,39.0,9.0,-1.55,20306.68
2026-09-08,3417,2025,62.8,0.666,0.536,,0.671,73.0,,-0.24,19603.35
2026-09-09,1794,3641,33.0,-0.438,-0.673,,-0.474,48.0,7.0,-0.48,18556.07
2026-09-10,955,4511,17.5,-1.308,-1.484,,-1.361,35.0,11.0,-1.17,16471.48
2026-09-11,643,4869,11.7,-1.961,-2.204,,-2.001,40.0,21.0,-1.46,19660.15
2026-09-14,3125,2224,58.4,0.526,0.278,,0.534,55.0,16.0,,16291.76
2026-09-15,1120,4376,20.4,,,,-1.368,32.0,27.0,-0.34,16127.17
2026-09-16,4170,1188,77.8,1.438,0.976,,1.438,89.0,4.0,2.37,18391.22
2026-09-17,2575,2820,47.7,0.188,-0.069,,0.118,47.0,1.0,0.03,18231.34
2026-09-18,4233,1152,78.6,1.563,1.069,14.17,1.578,78.0,0.0,2.42,20929.05
2026-09-21,4535,936,82.9,1.914,1.537,14.44,1.925,103.0,2.0,1.11,20315.13
2026-09-22,2374,3029,43.9,0.407,-0.204,14.495,0.151,63.0,3.0,0.32,21330.27
2026-09-23,1891,3563,34.7,-0.262,-0.609,14.41,-0.37,51.0,13.0,0.18,17649.76
2026-09-24,1120,4305,20.6,-1.203,-1.3,14.34,-1.275,52.0,13.0,-2.11,16533.57
2026-09-29,3471,1932,64.2,0.844,0.476,14.09,0.693,57.0,10.0,-3.39,14215.97
2026-09-30,2566,2824,47.6,-0.081,-0.086,14.0,-0.126,52.0,9.0,-0.81,14380.18
