排名,板块,涨跌幅%,总成交额(亿),净流入,上涨家数,下跌家数,均价,领涨股,领涨股-最新价,领涨股-涨跌幅%
1,油气开采及服务,3.6,69.21,5.69,18,1,8.1,科力股份,42.16,9.85
2,电池,3.44,744.1,6.65,87,20,29.41,力王股份,17.83,29.96
3,燃气,2.44,37.55,0.02,25,2,7.67,国新能源,3.74,10.0
4,煤炭开采加工,2.14,143.92,9.52,32,2,8.79,安泰集团,3.44,9.9
5,港口航运,2.04,133.91,-10.26,32,3,8.69,中远海能,22.62,10.02
6,电力,1.23,329.97,34.62,85,23,6.81,广西能源,4.97,9.96
7,石油加工贸易,0.96,75.34,7.33,20,7,7.82,东方盛虹,13.5,4.73
8,化学原料,0.85,120.42,-1.54,37,20,11.06,善水科技,39.52,9.99
9,银行,0.85,298.35,39.42,37,3,7.73,浦发银行,9.7,2.32
10,贸易,0.75,10.64,-0.02,11,3,6.45,中信金属,10.87,3.03
11,公路铁路运输,0.68,38.42,2.57,25,6,5.08,五洲交通,4.27,3.89
12,物流,0.49,52.44,-0.54,27,20,9.45,三羊马,66.28,7.16
13,化学纤维,0.46,49.08,-2.18,16,12,10.94,恒逸石化,16.29,4.22
14,纺织制造,0.43,32.91,-1.89,17,15,8.3,彩蝶实业,22.97,10.01
15,小家电,0.32,40.33,-1.11,11,15,16.64,九阳股份,13.75,10.0
16,食品加工制造,0.3,71.16,-0.68,34,26,10.49,海欣食品,5.92,10.04
17,饮料制造,0.29,120.82,-2.94,24,19,11.58,张裕A,18.76,10.03
18,造纸,0.24,21.72,-2.51,7,15,5.76,松炀资源,13.62,10.02
19,农化制品,0.23,97.37,-1.84,30,24,8.77,辉丰股份,2.29,9.05
20,环境治理,0.15,121.7,-2.61,54,48,9.33,上海洗霸,49.21,9.99
21,化学制品,0.14,348.52,-17.12,70,111,15.53,世名科技,16.56,20.0
22,轨交设备,0.12,21.07,0.94,11,18,8.13,必得科技,44.97,10.01
23,农产品加工,0.11,90.85,-6.48,18,24,10.35,路德科技,24.36,7.69
24,服装家纺,0.07,64.71,-1.5,30,40,7.47,乔治白,6.14,10.04
25,电网设备,0.04,250.24,-4.78,72,67,14.52,金龙羽,26.95,7.89
26,钢铁,-0.09,62.95,-0.29,18,20,3.79,金岭矿业,7.44,2.62
27,塑料制品,-0.11,219.46,-10.76,33,44,19.91,仁信新材,13.09,13.73
28,教育,-0.27,25.88,-0.98,4,11,8.03,昂立教育,9.52,3.82
29,医药商业,-0.3,43.03,-2.35,15,17,9.7,开开实业,15.5,3.27
30,厨卫电器,-0.37,7.13,0.01,3,6,10.05,万和电气,7.47,2.89
31,工业金属,-0.38,182.99,-7.82,19,35,10.87,丽岛新材,13.16,5.79
32,其他社会服务,-0.39,38.67,-0.56,16,25,12.1,天溯计量,42.8,9.24
33,橡胶制品,-0.47,21.9,-0.46,10,12,14.23,天铁科技,4.54,2.25
34,白酒,-0.47,77.79,2.33,5,13,56.46,皇台酒业,11.54,1.23
35,种植业与林业,-0.49,98.18,-5.15,9,19,7.57,农发种业,6.88,2.23
36,工程机械,-0.56,56.14,-3.0,15,21,10.9,金道科技,24.01,3.05
37,环保设备,-0.57,29.67,-2.55,10,20,13.16,楚环科技,20.65,10.02
38,小金属,-0.6,179.34,-12.07,8,21,35.01,西部材料,33.62,8.45
39,综合,-0.62,38.92,-2.92,7,10,7.6,特变电工,17.79,2.71
40,建筑材料,-0.63,195.16,-11.67,20,49,14.99,雄塑科技,15.58,9.72
41,其他电源设备,-0.63,114.02,-4.42,13,21,24.83,金时科技,17.17,9.99
42,能源金属,-0.68,120.39,0.71,11,2,41.37,永杉锂业,13.55,4.15
43,专用设备,-0.69,291.97,-13.93,67,132,16.25,快意电梯,19.04,9.99
44,包装印刷,-0.69,68.52,-5.94,14,31,9.16,顺灏股份,9.28,9.95
45,中药,-0.69,98.61,-4.41,22,44,8.96,天目药业,22.87,4.96
46,零售,-0.7,88.03,-7.79,17,53,6.16,万辰集团,157.23,3.26
47,建筑装饰,-0.71,186.62,-9.5,46,92,6.9,园林股份,31.53,10.01
48,多元金融,-0.71,34.91,-3.25,6,18,6.66,仁东控股,11.57,4.42
49,金属新材料,-0.74,51.22,-2.2,11,23,22.41,深圳新星,26.25,3.67
50,汽车服务及其他,-0.77,24.89,-0.9,7,19,12.56,ST中路,9.84,5.69
51,养殖业,-0.85,49.09,-6.71,6,28,7.24,永顺生物,7.1,6.77
52,军工装备,-0.91,272.38,-13.37,23,59,26.26,捷强装备,33.19,6.04
53,白色家电,-0.98,112.21,-3.9,15,26,24.29,东贝集团,5.52,9.96
54,保险,-1.05,56.89,-3.93,0,5,33.63,新华保险,56.12,-0.41
55,风电设备,-1.09,153.91,-7.52,11,21,14.69,大金重工,48.61,5.01
56,光伏设备,-1.12,206.57,-13.04,16,55,16.18,贝特利,31.51,19.99
57,美容护理,-1.17,53.97,-3.41,10,24,21.4,洁雅股份,53.8,5.02
58,家居用品,-1.19,86.08,-4.42,27,69,11.23,三柏硕,13.51,10.02
59,房地产,-1.26,267.75,-13.37,18,66,4.28,陆家嘴,11.12,9.99
60,旅游及酒店,-1.28,40.65,-2.93,5,30,8.06,长白山,43.12,6.0
61,军工电子,-1.3,146.03,-6.93,10,51,19.54,国博电子,69.2,8.09
62,通信服务,-1.41,101.97,-0.86,10,34,10.54,ST信通,4.83,9.77
63,黑色家电,-1.42,17.71,-2.39,2,7,10.27,高斯贝尔,14.67,1.73
64,证券,-1.52,174.25,-35.1,1,47,10.54,锦龙股份,9.78,0.1
65,汽车零部件,-1.57,431.8,-36.3,56,216,15.93,正强股份,30.49,10.07
66,游戏,-1.62,49.27,-9.65,1,22,10.34,名臣健康,16.5,5.84
67,影视院线,-1.71,55.16,-7.46,2,17,6.8,中国电影,13.4,3.96
68,电机,-1.76,28.62,-3.17,5,21,16.84,康平科技,53.48,2.29
69,化学制药,-1.77,482.47,-43.06,33,121,13.57,华北制药,5.48,10.04
70,非金属材料,-1.8,48.43,-0.73,6,11,38.44,宁新新材,7.76,5.01
71,通用设备,-1.85,462.54,-32.41,50,202,19.97,华丰股份,38.4,7.17
72,计算机设备,-1.9,199.64,-18.06,14,69,24.36,金溢科技,19.14,10.0
73,医疗器械,-1.93,199.53,-19.14,14,126,20.62,五洲医疗,147.98,9.09
74,贵金属,-1.96,117.96,-3.31,0,14,24.37,恒邦股份,12.33,-1.12
75,机场航运,-2.01,29.91,-7.74,1,11,3.85,中信海直,12.68,0.08
76,汽车整车,-2.03,150.15,-13.19,5,18,9.67,赛力斯,47.97,2.19
77,软件开发,-2.23,241.29,-23.12,15,122,17.68,*ST网达,10.2,10.03
78,IT服务,-2.24,261.3,-25.14,10,119,15.79,常山北明,12.64,3.86
79,文化传媒,-2.27,205.92,-19.49,8,76,10.95,新华传媒,11.39,10.05
80,元件,-2.31,935.74,-0.4,8,55,58.04,华正新材,224.25,5.45
81,互联网电商,-2.35,47.86,-7.22,2,17,10.0,行云科技,33.77,1.87
82,光学光电子,-2.53,424.96,-50.82,16,88,11.72,雷曼光电,9.72,6.46
83,其他电子,-2.77,122.03,-7.95,4,29,30.67,百邦科技,34.89,4.46
84,消费电子,-2.85,375.08,-37.88,10,86,26.87,传艺科技,18.59,10.0
85,通信设备,-3.03,1198.51,-56.0,12,78,69.98,致尚科技,209.86,10.03
86,自动化设备,-3.08,327.54,-23.26,12,86,52.61,宏英智能,41.62,4.15
87,医疗服务,-3.1,369.29,-23.31,6,49,24.88,海特生物,27.25,6.7
88,电子化学品,-3.68,326.65,-15.4,5,39,41.91,同宇新材,206.85,7.99
89,生物制品,-3.96,224.31,-16.21,5,51,25.74,四环生物,3.64,1.39
90,半导体,-4.98,2146.36,-131.58,8,181,74.09,深科达,74.91,4.75
