id,名称,代码,题材归因,date,收盘价,涨跌额,涨幅%,换手率%,成交额,成交量,市场
94659142,上海洗霸,603200,固态电池+液冷服务器+水处理,2026-09-30,44.74,4.07,10.01,13.87,106377.0,243453.0,17
94657078,东风科技,600081,汽车电子+一体化压铸+业绩预增,2026-09-30,11.89,1.08,9.99,3.0,19552.0,166082.0,17
94663713,中天服务,002188,物业管理+社区养老+股份回购,2026-09-30,6.4,0.58,9.97,9.13,14471.0,235049.0,33
94656991,中船科技,600072,风电主机+绿色燃料+中船系,2026-09-30,9.7,0.88,9.98,4.09,42485.0,443298.0,17
94656665,九阳股份,002242,厨房小家电+机器人投资+太空科技,2026-09-30,12.5,1.14,10.04,4.59,43666.0,349608.0,33
94657636,五方光电,002962,TGV光学+微棱镜+AR/VR,2026-09-30,16.17,1.47,10.0,17.06,55784.0,356857.0,33
94656873,亚联发展,002316,诉讼进展+智慧电网+生物纤维素,2026-09-30,4.95,0.45,10.0,8.7,14518.0,296564.0,33
94656850,亚邦股份,603188,染料产业链+中间体涨价+业绩增长,2026-09-30,5.4,0.49,9.98,5.76,17176.0,328658.0,17
94656783,传艺科技,002866,固态电池+钠离子电池+AI PC键盘,2026-09-30,16.9,1.54,10.03,18.65,57708.0,342772.0,33
94656761,依依股份,001206,协议转让+宠物护理+海外产能,2026-09-30,18.62,1.69,9.98,4.35,8637.0,46447.0,33
94657181,兴业股份,603928,光刻胶树脂+合成树脂+业绩增长,2026-09-30,13.07,1.19,10.02,3.01,13191.0,102417.0,17
94658347,凯迪股份,605288,具身机器人送样+智能线性驱动+汽车零部件,2026-09-30,71.83,6.53,10.0,3.0,20805.0,29529.0,17
94659981,南华生物,000504,细胞存储+生物医药+中报扭亏,2026-09-30,12.42,1.13,10.01,22.51,86044.0,740921.0,33
94656814,古越龙山,600059,高端黄酒+全国化+年轻化,2026-09-30,12.27,1.12,10.04,9.87,109333.0,899711.0,17
94656813,善水科技,301190,染料中间体+氯代吡啶+业绩增长,2026-09-30,35.93,5.99,20.01,7.95,51037.0,144661.0,33
94656683,园林股份,605303,复牌+重大资产重组+存储芯片+园林工程,2026-09-30,28.66,2.61,10.02,0.11,494.0,1724.0,17
94680429,国网信通,600131,电力人工智能+能源数字化+股份划转完成,2026-09-30,15.39,1.4,10.01,2.25,40187.0,269181.0,17
94656685,均瑶健康,605388,益生菌+乳酸菌饮料+电商增长,2026-09-30,7.39,0.67,9.97,1.92,8498.0,114999.0,17
94674439,天虹股份,002419,资产出售+AI应用+零售调改,2026-09-30,5.09,0.46,9.94,4.51,25539.0,514285.0,33
94660086,奥赛康,002755,创新药+抗感染药+肿瘤管线,2026-09-30,13.55,1.23,9.98,2.03,24845.0,188504.0,33
94658367,宁波东力,002164,具身智能+精密减速器+股东增持,2026-09-30,13.26,1.21,10.04,10.41,64883.0,499504.0,33
94679441,宏英智能,001266,液冷储能+智能电控+业绩增长,2026-09-30,39.96,3.63,9.99,13.79,30923.0,80190.0,33
94657051,康希诺,688185,mRNA肿瘤疫苗+病毒载体服务+成人疫苗,2026-09-30,102.64,17.11,20.0,9.32,106514.0,10661744.0,17
94658011,康辰药业,603590,创新药+血凝酶+肿瘤管线+业绩增长,2026-09-30,32.11,2.92,10.0,3.86,19348.0,61319.0,17
94656825,建业股份,603948,电子化学品+超纯氨+环保增塑剂,2026-09-30,21.36,1.94,9.99,1.23,4214.0,20013.0,17
94677326,弘元绿能,603185,硅料硅片+光伏一体化+TOPCon组件+高端装备,2026-09-30,15.15,1.38,10.02,2.48,24514.0,168125.0,17
94663430,德才股份,605287,AI漫剧+火山引擎合作+建筑装饰,2026-09-30,37.39,3.4,10.0,5.47,27996.0,76650.0,17
94656788,恒丰纸业,600356,新型烟草+卷烟纸+业绩增长,2026-09-30,11.46,1.04,9.98,5.15,17348.0,153774.0,17
94657152,惠天热电,000692,供热+风电+供热工程,2026-09-30,4.59,0.42,10.07,7.08,17071.0,377212.0,33
94656807,新亚制程,002388,固态电池+AI服务器电源+锂电材料,2026-09-30,9.1,0.83,10.04,7.05,32087.0,356875.0,33
94656682,新华传媒,600825,拟收购界面财联社+财经新媒体+上海国资,2026-09-30,10.35,0.94,9.99,1.34,14475.0,139855.0,17
94656670,时代万恒,600241,锂电池+镍氢电池+辽宁国资,2026-09-30,9.72,0.88,9.95,2.61,7466.0,76812.0,17
94662150,昭衍新药,603127,创新药CRO+实验猴+订单回暖,2026-09-30,49.3,4.48,10.0,8.83,264733.0,554018.0,17
94657185,杭州热电,605011,热电联产+集中供热+综合能源,2026-09-30,19.21,1.75,10.02,3.06,23119.0,122292.0,17
94659345,松原安全,300893,回购提议+汽车安全+汽车网络安全+项目量产,2026-09-30,15.13,2.52,19.98,8.95,32347.0,225226.0,33
94658814,松芝股份,002454,储能热管理+汽车热管理+海外拓展,2026-09-30,5.61,0.51,10.0,2.52,12109.0,220943.0,33
94658654,江南化工,002226,风电+民爆重组+西藏民爆,2026-09-30,5.34,0.49,10.1,2.96,41167.0,784122.0,33
94658156,泰诺麦博,688806,合胞病毒预防+医保放量+全人源单抗,2026-09-30,30.67,5.11,19.99,23.59,35055.0,12037504.0,17
94656793,海南橡胶,601118,天然橡胶+全球龙头+全产业链,2026-09-30,6.37,0.58,10.02,1.47,40107.0,631016.0,17
94665150,深物业A,000011,房地产开发+物业管理+深圳国资,2026-09-30,12.24,1.11,9.97,17.07,97127.0,898769.0,33
94676325,登海种业,002041,玉米种业+转基因玉米+业绩增长,2026-09-30,10.23,0.93,10.0,3.92,33969.0,344983.0,33
94656664,紫竹高科,002058,固态电池+铝塑膜+龙头客户,2026-09-30,20.2,1.84,10.02,1.77,5114.0,25315.0,33
94657598,美诺华,603538,JH389+医药CDMO+制剂一体化,2026-09-30,28.59,2.6,10.0,14.11,132416.0,475519.0,17
94657601,蔚蓝生物,603739,新兽药注册+动物保健+酶制剂,2026-09-30,14.04,1.28,10.03,3.64,12791.0,92169.0,17
94658429,襄阳轴承,000678,机器人轴承+汽车轴承+湖北国资,2026-09-30,12.89,1.17,9.98,19.65,107499.0,903178.0,33
94656865,贝瑞基因,000710,AI医疗+基因检测+三代测序,2026-09-30,10.87,0.99,10.02,7.52,26855.0,252360.0,33
94677333,金徽酒,603919,白酒+全国化扩张+产品升级,2026-09-30,17.4,1.58,9.99,2.51,21584.0,127542.0,17
94675559,阳光乳业,001318,乳业+低温乳品+冷链物流,2026-09-30,13.04,1.19,10.04,3.53,12587.0,99690.0,33
94664158,陆家嘴,600663,房地产开发+商办物业+浦东国资,2026-09-30,10.11,0.92,10.01,0.93,35085.0,365145.0,17
94658325,龙溪股份,600592,人形机器人+关节轴承+国企背景,2026-09-30,16.2,1.47,9.98,4.72,29712.0,188574.0,17
94656799,龙版传媒,605577,AI漫剧+出版发行+黑龙江国资,2026-09-30,16.28,1.48,10.0,2.31,16553.0,102761.0,17
94659150,龙蟠科技,603906,磷酸铁锂+固态电池材料+液冷+半年报扭亏,2026-09-30,19.04,1.73,9.99,6.57,68771.0,369931.0,17
94681140,*ST发展,000838,重整保壳+履约保证金+危废处理+房地产,2026-09-30,2.45,0.22,9.87,4.6,12084.0,506733.0,33
94677490,*ST广糖,000911,重大资产重组+机制糖+国企背景,2026-09-30,5.4,0.49,9.98,2.78,5833.0,111331.0,33
94673533,*ST美芝,002856,庭外重组+建筑装饰,2026-09-30,20.22,1.84,10.01,7.09,17369.0,87889.0,33
94683566,*ST顾地,002694,塑料管道+智慧管网+营收增长,2026-09-30,2.76,0.25,9.96,1.72,3324.0,123590.0,33
